
{"properties": [
  {
    "name": "encryption.salt.rounds",
    "type": "java.lang.String",
    "description": "A description for 'encryption.salt.rounds'",
    "value": 10
  },
  {
    "name": "jwt.expiryInSeconds",
    "type": "java.lang.String",
    "description": "A description for 'jwt.expiryInSeconds'",
    "value": 604800
  },
  {
    "name": "jwt.issuer",
    "type": "java.lang.String",
    "description": "A description for 'jwt.expiryInSeconds'",
    "value": "carbackend"
  },
  {
    "name": "jwt.algorithm.key",
    "type": "java.lang.String",
    "description": "A description for 'jwt.algorithm.key'",
    "value": "SuperSecureSecretKey"
  }
]}